,Wilton,Alden,Aviva,Clarke,Noah,Cole,Twyla,Clement,Reed,Elizabeth J.,Myles,Evie,Wren,Howell,Morgan,Callan
Wilton,x,,,,,x,,,,,,,,,,
Alden,,x,,x,,,,,,,,,,,,
Aviva,,,x,,x,,,,,,,,,,,
Clarke,,x,,x,,,,,,,,,,,,
Noah,,,x,,x,,,,,,,,,,,
Cole,x,,,,,x,,,,,,,,,,
Twyla,,,,,,,x,x,,,,,,x,,
Clement,,,,,,,x,x,,,,,,x,,
Reed,,,,,,,,,x,,,,x,,,
Elizabeth J.,,,,,,,,,,x,,,,,,
Myles,,,,,,,,,,,x,,,,x,
Evie,,,,,,,,,,,,x,,,,x
Wren,,,,,,,,,x,,,,x,,,
Howell,,,,,,,x,x,,,,,,x,,
Morgan,,,,,,,,,,,x,,,,x,
Callan,,,,,,,,,,,,x,,,,x
